CALENDAR_YEAR,LOCATION_ID,GENDER,EXPERIENCING_HOMELESSNESS_CNT
2017,All,Cisgender Man,99885
2017,All,Cisgender Woman,77629
2017,All,Client doesn't know,1345
2017,All,"Culturally Specific, Non-Binary, and/or a Different Identity",169
2017,All,Questioning,*
2017,All,Transgender,698
2017,CA-500,Cisgender Man,5940
2017,CA-500,Cisgender Woman,3672
2017,CA-500,Client doesn't know,11
2017,CA-500,"Culturally Specific, Non-Binary, and/or a Different Identity",*
2017,CA-500,Transgender,42
2017,CA-501,Cisgender Man,2413
2017,CA-501,Cisgender Woman,1688
2017,CA-501,Client doesn't know,174
2017,CA-501,"Culturally Specific, Non-Binary, and/or a Different Identity",24
2017,CA-501,Transgender,56
2017,CA-502,Cisgender Man,3525
2017,CA-502,Cisgender Woman,2987
2017,CA-502,Client doesn't know,22
2017,CA-502,"Culturally Specific, Non-Binary, and/or a Different Identity",*
2017,CA-502,Questioning,*
2017,CA-502,Transgender,17
2017,CA-503,Cisgender Man,5839
2017,CA-503,Cisgender Woman,5262
2017,CA-503,Client doesn't know,*
2017,CA-503,"Culturally Specific, Non-Binary, and/or a Different Identity",13
2017,CA-503,Transgender,33
2017,CA-504,Cisgender Man,1636
2017,CA-504,Cisgender Woman,1235
2017,CA-504,Client doesn't know,*
2017,CA-504,"Culturally Specific, Non-Binary, and/or a Different Identity",*
2017,CA-504,Questioning,*
2017,CA-504,Transgender,14
2017,CA-505,Cisgender Man,2722
2017,CA-505,Cisgender Woman,2083
2017,CA-505,Client doesn't know,*
2017,CA-505,"Culturally Specific, Non-Binary, and/or a Different Identity",*
2017,CA-505,Transgender,*
2017,CA-506,Cisgender Man,1048
2017,CA-506,Cisgender Woman,1247
2017,CA-506,"Culturally Specific, Non-Binary, and/or a Different Identity",*
2017,CA-506,Transgender,*
2017,CA-507,Cisgender Man,955
2017,CA-507,Cisgender Woman,652
2017,CA-507,Client doesn't know,*
2017,CA-507,"Culturally Specific, Non-Binary, and/or a Different Identity",*
2017,CA-507,Transgender,*
2017,CA-508,Cisgender Man,1073
2017,CA-508,Cisgender Woman,746
2017,CA-508,Client doesn't know,12
2017,CA-508,"Culturally Specific, Non-Binary, and/or a Different Identity",*
2017,CA-508,Transgender,*
2017,CA-509,Cisgender Man,506
2017,CA-509,Cisgender Woman,285
2017,CA-509,Client doesn't know,*
2017,CA-509,"Culturally Specific, Non-Binary, and/or a Different Identity",*
2017,CA-509,Transgender,*
2017,CA-510,Cisgender Man,3097
2017,CA-510,Cisgender Woman,3061
2017,CA-510,"Culturally Specific, Non-Binary, and/or a Different Identity",*
2017,CA-510,Transgender,12
2017,CA-511,Cisgender Man,3983
2017,CA-511,Cisgender Woman,3757
2017,CA-511,Transgender,*
2017,CA-512,Cisgender Man,2190
2017,CA-512,Cisgender Woman,1673
2017,CA-512,Client doesn't know,*
2017,CA-512,"Culturally Specific, Non-Binary, and/or a Different Identity",*
2017,CA-512,Transgender,*
2017,CA-513,Cisgender Man,1554
2017,CA-513,Cisgender Woman,1399
2017,CA-513,"Culturally Specific, Non-Binary, and/or a Different Identity",*
2017,CA-513,Transgender,*
2017,CA-514,Cisgender Man,1364
2017,CA-514,Cisgender Woman,1202
2017,CA-514,Client doesn't know,*
2017,CA-514,"Culturally Specific, Non-Binary, and/or a Different Identity",*
2017,CA-514,Transgender,*
2017,CA-515,Cisgender Man,738
2017,CA-515,Cisgender Woman,585
2017,CA-515,Client doesn't know,*
2017,CA-515,"Culturally Specific, Non-Binary, and/or a Different Identity",*
2017,CA-515,Transgender,*
2017,CA-516,Cisgender Man,105
2017,CA-516,Cisgender Woman,171
2017,CA-516,Client doesn't know,*
2017,CA-517,Cisgender Man,576
2017,CA-517,Cisgender Woman,366
2017,CA-517,Client doesn't know,*
2017,CA-517,Transgender,*
2017,CA-518,Cisgender Man,568
2017,CA-518,Cisgender Woman,452
2017,CA-518,Client doesn't know,*
2017,CA-518,"Culturally Specific, Non-Binary, and/or a Different Identity",*
2017,CA-519,Cisgender Man,757
2017,CA-519,Cisgender Woman,615
2017,CA-519,"Culturally Specific, Non-Binary, and/or a Different Identity",*
2017,CA-519,Transgender,*
2017,CA-520,Cisgender Man,402
2017,CA-520,Cisgender Woman,200
2017,CA-520,Transgender,*
2017,CA-521,Cisgender Man,269
2017,CA-521,Cisgender Woman,256
2017,CA-521,"Culturally Specific, Non-Binary, and/or a Different Identity",*
2017,CA-521,Transgender,*
2017,CA-522,Cisgender Man,567
2017,CA-522,Cisgender Woman,437
2017,CA-522,Client doesn't know,*
2017,CA-522,"Culturally Specific, Non-Binary, and/or a Different Identity",*
2017,CA-522,Questioning,*
2017,CA-522,Transgender,*
2017,CA-523,Cisgender Man,90
2017,CA-523,Cisgender Woman,107
2017,CA-524,Cisgender Man,*
2017,CA-525,Cisgender Man,184
2017,CA-525,Cisgender Woman,112
2017,CA-525,"Culturally Specific, Non-Binary, and/or a Different Identity",*
2017,CA-525,Transgender,*
2017,CA-526,Cisgender Man,240
2017,CA-526,Cisgender Woman,298
2017,CA-527,Cisgender Man,253
2017,CA-527,Cisgender Woman,142
2017,CA-529,Cisgender Man,19
2017,CA-529,Cisgender Woman,32
2017,CA-530,Cisgender Man,88
2017,CA-530,Cisgender Woman,93
2017,CA-531,Cisgender Man,291
2017,CA-531,Cisgender Woman,171
2017,CA-531,Client doesn't know,*
2017,CA-531,"Culturally Specific, Non-Binary, and/or a Different Identity",*
2017,CA-600,Cisgender Man,30888
2017,CA-600,Cisgender Woman,22560
2017,CA-600,Client doesn't know,803
2017,CA-600,"Culturally Specific, Non-Binary, and/or a Different Identity",48
2017,CA-600,Transgender,332
2017,CA-601,Cisgender Man,6994
2017,CA-601,Cisgender Woman,4505
2017,CA-601,Client doesn't know,25
2017,CA-601,"Culturally Specific, Non-Binary, and/or a Different Identity",*
2017,CA-601,Transgender,54
2017,CA-602,Cisgender Man,5488
2017,CA-602,Cisgender Woman,4791
2017,CA-602,Client doesn't know,157
2017,CA-602,"Culturally Specific, Non-Binary, and/or a Different Identity",*
2017,CA-602,Transgender,16
2017,CA-603,Cisgender Man,1614
2017,CA-603,Cisgender Woman,1062
2017,CA-603,Client doesn't know,*
2017,CA-603,"Culturally Specific, Non-Binary, and/or a Different Identity",*
2017,CA-603,Transgender,*
2017,CA-604,Cisgender Man,1945
2017,CA-604,Cisgender Woman,1070
2017,CA-604,"Culturally Specific, Non-Binary, and/or a Different Identity",*
2017,CA-604,Transgender,*
2017,CA-606,Cisgender Man,1520
2017,CA-606,Cisgender Woman,1106
2017,CA-606,"Culturally Specific, Non-Binary, and/or a Different Identity",*
2017,CA-606,Transgender,*
2017,CA-607,Cisgender Man,732
2017,CA-607,Cisgender Woman,500
2017,CA-607,Client doesn't know,60
2017,CA-607,"Culturally Specific, Non-Binary, and/or a Different Identity",*
2017,CA-607,Transgender,*
2017,CA-608,Cisgender Man,3829
2017,CA-608,Cisgender Woman,2737
2017,CA-608,Client doesn't know,21
2017,CA-608,"Culturally Specific, Non-Binary, and/or a Different Identity",*
2017,CA-608,Transgender,18
2017,CA-609,Cisgender Man,4119
2017,CA-609,Cisgender Woman,4143
2017,CA-609,Transgender,*
2017,CA-611,Cisgender Man,1209
2017,CA-611,Cisgender Woman,936
2017,CA-611,"Culturally Specific, Non-Binary, and/or a Different Identity",*
2017,CA-611,Questioning,*
2017,CA-611,Transgender,*
2017,CA-612,Cisgender Man,205
2017,CA-612,Cisgender Woman,205
2017,CA-612,Client doesn't know,*
2017,CA-612,Transgender,*
2017,CA-613,Cisgender Man,395
2017,CA-613,Cisgender Woman,102
2017,CA-614,Cisgender Man,1021
2017,CA-614,Cisgender Woman,828
2017,CA-614,"Culturally Specific, Non-Binary, and/or a Different Identity",*
2017,CA-614,Transgender,*
2018,All,Cisgender Man,117125
2018,All,Cisgender Woman,89757
2018,All,Client doesn't know,1358
2018,All,"Culturally Specific, Non-Binary, and/or a Different Identity",244
2018,All,Questioning,*
2018,All,Transgender,942
2018,CA-500,Cisgender Man,5918
2018,CA-500,Cisgender Woman,3776
2018,CA-500,Client doesn't know,*
2018,CA-500,"Culturally Specific, Non-Binary, and/or a Different Identity",17
2018,CA-500,Transgender,44
2018,CA-501,Cisgender Man,3018
2018,CA-501,Cisgender Woman,2395
2018,CA-501,Client doesn't know,138
2018,CA-501,"Culturally Specific, Non-Binary, and/or a Different Identity",34
2018,CA-501,Questioning,*
2018,CA-501,Transgender,73
2018,CA-502,Cisgender Man,3561
2018,CA-502,Cisgender Woman,2862
2018,CA-502,Client doesn't know,*
2018,CA-502,"Culturally Specific, Non-Binary, and/or a Different Identity",*
2018,CA-502,Transgender,25
2018,CA-503,Cisgender Man,5966
2018,CA-503,Cisgender Woman,5603
2018,CA-503,Client doesn't know,*
2018,CA-503,"Culturally Specific, Non-Binary, and/or a Different Identity",13
2018,CA-503,Transgender,45
2018,CA-504,Cisgender Man,1647
2018,CA-504,Cisgender Woman,1243
2018,CA-504,Client doesn't know,*
2018,CA-504,"Culturally Specific, Non-Binary, and/or a Different Identity",*
2018,CA-504,Questioning,*
2018,CA-504,Transgender,13
2018,CA-505,Cisgender Man,3171
2018,CA-505,Cisgender Woman,2357
2018,CA-505,Client doesn't know,*
2018,CA-505,"Culturally Specific, Non-Binary, and/or a Different Identity",*
2018,CA-505,Transgender,11
2018,CA-506,Cisgender Man,1309
2018,CA-506,Cisgender Woman,1295
2018,CA-506,Client doesn't know,*
2018,CA-506,"Culturally Specific, Non-Binary, and/or a Different Identity",*
2018,CA-506,Transgender,*
2018,CA-507,Cisgender Man,785
2018,CA-507,Cisgender Woman,554
2018,CA-507,Client doesn't know,*
2018,CA-507,Transgender,*
2018,CA-508,Cisgender Man,1110
2018,CA-508,Cisgender Woman,739
2018,CA-508,Client doesn't know,40
2018,CA-508,Transgender,*
2018,CA-509,Cisgender Man,401
2018,CA-509,Cisgender Woman,253
2018,CA-509,Client doesn't know,*
2018,CA-509,"Culturally Specific, Non-Binary, and/or a Different Identity",*
2018,CA-509,Transgender,*
2018,CA-510,Cisgender Man,3292
2018,CA-510,Cisgender Woman,2810
2018,CA-510,Client doesn't know,*
2018,CA-510,"Culturally Specific, Non-Binary, and/or a Different Identity",*
2018,CA-510,Transgender,*
2018,CA-511,Cisgender Man,4696
2018,CA-511,Cisgender Woman,4380
2018,CA-511,"Culturally Specific, Non-Binary, and/or a Different Identity",*
2018,CA-511,Transgender,*
2018,CA-512,Cisgender Man,2177
2018,CA-512,Cisgender Woman,1578
2018,CA-512,Client doesn't know,*
2018,CA-512,"Culturally Specific, Non-Binary, and/or a Different Identity",*
2018,CA-512,Transgender,12
2018,CA-513,Cisgender Man,1548
2018,CA-513,Cisgender Woman,1416
2018,CA-513,Transgender,*
2018,CA-514,Cisgender Man,1548
2018,CA-514,Cisgender Woman,1354
2018,CA-514,Client doesn't know,13
2018,CA-514,"Culturally Specific, Non-Binary, and/or a Different Identity",*
2018,CA-514,Questioning,*
2018,CA-514,Transgender,*
2018,CA-515,Cisgender Man,867
2018,CA-515,Cisgender Woman,656
2018,CA-515,Client doesn't know,*
2018,CA-515,Transgender,*
2018,CA-516,Cisgender Man,233
2018,CA-516,Cisgender Woman,278
2018,CA-516,Client doesn't know,86
2018,CA-517,Cisgender Man,573
2018,CA-517,Cisgender Woman,354
2018,CA-517,Client doesn't know,*
2018,CA-517,Transgender,*
2018,CA-518,Cisgender Man,472
2018,CA-518,Cisgender Woman,477
2018,CA-518,Client doesn't know,*
2018,CA-518,"Culturally Specific, Non-Binary, and/or a Different Identity",*
2018,CA-518,Transgender,*
2018,CA-519,Cisgender Man,803
2018,CA-519,Cisgender Woman,678
2018,CA-519,"Culturally Specific, Non-Binary, and/or a Different Identity",*
2018,CA-519,Transgender,*
2018,CA-520,Cisgender Man,530
2018,CA-520,Cisgender Woman,374
2018,CA-520,"Culturally Specific, Non-Binary, and/or a Different Identity",*
2018,CA-520,Transgender,*
2018,CA-521,Cisgender Man,495
2018,CA-521,Cisgender Woman,468
2018,CA-521,Client doesn't know,*
2018,CA-521,"Culturally Specific, Non-Binary, and/or a Different Identity",*
2018,CA-521,Transgender,*
2018,CA-522,Cisgender Man,630
2018,CA-522,Cisgender Woman,433
2018,CA-522,Client doesn't know,14
2018,CA-522,"Culturally Specific, Non-Binary, and/or a Different Identity",14
2018,CA-522,Questioning,*
2018,CA-522,Transgender,*
2018,CA-523,Cisgender Man,147
2018,CA-523,Cisgender Woman,200
2018,CA-523,Client doesn't know,*
2018,CA-524,Cisgender Man,*
2018,CA-524,Cisgender Woman,*
2018,CA-525,Cisgender Man,209
2018,CA-525,Cisgender Woman,187
2018,CA-525,Client doesn't know,*
2018,CA-525,"Culturally Specific, Non-Binary, and/or a Different Identity",*
2018,CA-525,Transgender,*
2018,CA-526,Cisgender Man,314
2018,CA-526,Cisgender Woman,384
2018,CA-526,Transgender,*
2018,CA-527,Cisgender Man,244
2018,CA-527,Cisgender Woman,171
2018,CA-529,Cisgender Man,45
2018,CA-529,Cisgender Woman,46
2018,CA-530,Cisgender Man,93
2018,CA-530,Cisgender Woman,126
2018,CA-531,Cisgender Man,349
2018,CA-531,Cisgender Woman,194
2018,CA-531,"Culturally Specific, Non-Binary, and/or a Different Identity",*
2018,CA-531,Transgender,*
2018,CA-600,Cisgender Man,41684
2018,CA-600,Cisgender Woman,30295
2018,CA-600,Client doesn't know,691
2018,CA-600,"Culturally Specific, Non-Binary, and/or a Different Identity",73
2018,CA-600,Transgender,500
2018,CA-601,Cisgender Man,9199
2018,CA-601,Cisgender Woman,5817
2018,CA-601,Client doesn't know,130
2018,CA-601,"Culturally Specific, Non-Binary, and/or a Different Identity",19
2018,CA-601,Questioning,*
2018,CA-601,Transgender,60
2018,CA-602,Cisgender Man,6714
2018,CA-602,Cisgender Woman,5237
2018,CA-602,Client doesn't know,35
2018,CA-602,"Culturally Specific, Non-Binary, and/or a Different Identity",*
2018,CA-602,Transgender,22
2018,CA-603,Cisgender Man,1637
2018,CA-603,Cisgender Woman,1015
2018,CA-603,Client doesn't know,113
2018,CA-603,"Culturally Specific, Non-Binary, and/or a Different Identity",*
2018,CA-603,Transgender,*
2018,CA-604,Cisgender Man,2147
2018,CA-604,Cisgender Woman,1230
2018,CA-604,Client doesn't know,*
2018,CA-604,"Culturally Specific, Non-Binary, and/or a Different Identity",*
2018,CA-604,Transgender,*
2018,CA-606,Cisgender Man,1497
2018,CA-606,Cisgender Woman,1062
2018,CA-606,"Culturally Specific, Non-Binary, and/or a Different Identity",*
2018,CA-606,Transgender,*
2018,CA-607,Cisgender Man,955
2018,CA-607,Cisgender Woman,600
2018,CA-607,Client doesn't know,*
2018,CA-607,"Culturally Specific, Non-Binary, and/or a Different Identity",*
2018,CA-607,Transgender,15
2018,CA-608,Cisgender Man,4039
2018,CA-608,Cisgender Woman,3058
2018,CA-608,Client doesn't know,24
2018,CA-608,"Culturally Specific, Non-Binary, and/or a Different Identity",*
2018,CA-608,Transgender,28
2018,CA-609,Cisgender Man,3681
2018,CA-609,Cisgender Woman,3701
2018,CA-609,Transgender,*
2018,CA-611,Cisgender Man,1028
2018,CA-611,Cisgender Woman,908
2018,CA-611,Client doesn't know,*
2018,CA-611,"Culturally Specific, Non-Binary, and/or a Different Identity",*
2018,CA-611,Transgender,*
2018,CA-612,Cisgender Man,230
2018,CA-612,Cisgender Woman,262
2018,CA-612,Client doesn't know,*
2018,CA-612,"Culturally Specific, Non-Binary, and/or a Different Identity",*
2018,CA-612,Transgender,*
2018,CA-613,Cisgender Man,552
2018,CA-613,Cisgender Woman,308
2018,CA-613,Transgender,*
2018,CA-614,Cisgender Man,979
2018,CA-614,Cisgender Woman,846
2018,CA-614,"Culturally Specific, Non-Binary, and/or a Different Identity",*
2018,CA-614,Transgender,*
2019,All,Cisgender Man,132451
2019,All,Cisgender Woman,99189
2019,All,Client doesn't know,1330
2019,All,"Culturally Specific, Non-Binary, and/or a Different Identity",346
2019,All,Questioning,*
2019,All,Transgender,1080
2019,CA-500,Cisgender Man,6462
2019,CA-500,Cisgender Woman,4084
2019,CA-500,Client doesn't know,*
2019,CA-500,"Culturally Specific, Non-Binary, and/or a Different Identity",18
2019,CA-500,Transgender,59
2019,CA-501,Cisgender Man,4415
2019,CA-501,Cisgender Woman,3370
2019,CA-501,Client doesn't know,88
2019,CA-501,"Culturally Specific, Non-Binary, and/or a Different Identity",51
2019,CA-501,Questioning,*
2019,CA-501,Transgender,111
2019,CA-502,Cisgender Man,4199
2019,CA-502,Cisgender Woman,3214
2019,CA-502,Client doesn't know,*
2019,CA-502,"Culturally Specific, Non-Binary, and/or a Different Identity",12
2019,CA-502,Questioning,*
2019,CA-502,Transgender,36
2019,CA-503,Cisgender Man,5878
2019,CA-503,Cisgender Woman,5514
2019,CA-503,Client doesn't know,16
2019,CA-503,"Culturally Specific, Non-Binary, and/or a Different Identity",29
2019,CA-503,Transgender,47
2019,CA-504,Cisgender Man,1780
2019,CA-504,Cisgender Woman,1429
2019,CA-504,Client doesn't know,11
2019,CA-504,"Culturally Specific, Non-Binary, and/or a Different Identity",*
2019,CA-504,Transgender,14
2019,CA-505,Cisgender Man,4083
2019,CA-505,Cisgender Woman,2788
2019,CA-505,Client doesn't know,14
2019,CA-505,"Culturally Specific, Non-Binary, and/or a Different Identity",*
2019,CA-505,Transgender,14
2019,CA-506,Cisgender Man,1230
2019,CA-506,Cisgender Woman,1288
2019,CA-506,"Culturally Specific, Non-Binary, and/or a Different Identity",*
2019,CA-506,Questioning,*
2019,CA-506,Transgender,*
2019,CA-507,Cisgender Man,708
2019,CA-507,Cisgender Woman,561
2019,CA-507,Client doesn't know,*
2019,CA-507,"Culturally Specific, Non-Binary, and/or a Different Identity",*
2019,CA-507,Transgender,*
2019,CA-508,Cisgender Man,1344
2019,CA-508,Cisgender Woman,857
2019,CA-508,Client doesn't know,47
2019,CA-508,"Culturally Specific, Non-Binary, and/or a Different Identity",*
2019,CA-508,Transgender,*
2019,CA-509,Cisgender Man,428
2019,CA-509,Cisgender Woman,358
2019,CA-509,Client doesn't know,16
2019,CA-509,"Culturally Specific, Non-Binary, and/or a Different Identity",*
2019,CA-509,Transgender,*
2019,CA-510,Cisgender Man,3368
2019,CA-510,Cisgender Woman,2803
2019,CA-510,"Culturally Specific, Non-Binary, and/or a Different Identity",11
2019,CA-510,Questioning,*
2019,CA-510,Transgender,*
2019,CA-511,Cisgender Man,4961
2019,CA-511,Cisgender Woman,4493
2019,CA-511,Client doesn't know,*
2019,CA-511,"Culturally Specific, Non-Binary, and/or a Different Identity",*
2019,CA-511,Transgender,*
2019,CA-512,Cisgender Man,2285
2019,CA-512,Cisgender Woman,1598
2019,CA-512,Transgender,14
2019,CA-513,Cisgender Man,1694
2019,CA-513,Cisgender Woman,1749
2019,CA-513,Client doesn't know,*
2019,CA-513,"Culturally Specific, Non-Binary, and/or a Different Identity",*
2019,CA-513,Transgender,*
2019,CA-514,Cisgender Man,1702
2019,CA-514,Cisgender Woman,1504
2019,CA-514,Client doesn't know,21
2019,CA-514,"Culturally Specific, Non-Binary, and/or a Different Identity",*
2019,CA-514,Questioning,*
2019,CA-514,Transgender,17
2019,CA-515,Cisgender Man,972
2019,CA-515,Cisgender Woman,778
2019,CA-515,Client doesn't know,*
2019,CA-515,"Culturally Specific, Non-Binary, and/or a Different Identity",*
2019,CA-515,Transgender,*
2019,CA-516,Cisgender Man,340
2019,CA-516,Cisgender Woman,382
2019,CA-516,Client doesn't know,163
2019,CA-517,Cisgender Man,554
2019,CA-517,Cisgender Woman,374
2019,CA-517,Client doesn't know,*
2019,CA-517,Transgender,*
2019,CA-518,Cisgender Man,585
2019,CA-518,Cisgender Woman,589
2019,CA-518,Client doesn't know,*
2019,CA-518,"Culturally Specific, Non-Binary, and/or a Different Identity",*
2019,CA-518,Transgender,*
2019,CA-519,Cisgender Man,984
2019,CA-519,Cisgender Woman,753
2019,CA-519,"Culturally Specific, Non-Binary, and/or a Different Identity",*
2019,CA-519,Transgender,*
2019,CA-520,Cisgender Man,1505
2019,CA-520,Cisgender Woman,1571
2019,CA-520,"Culturally Specific, Non-Binary, and/or a Different Identity",*
2019,CA-520,Transgender,*
2019,CA-521,Cisgender Man,609
2019,CA-521,Cisgender Woman,588
2019,CA-521,Client doesn't know,*
2019,CA-521,"Culturally Specific, Non-Binary, and/or a Different Identity",*
2019,CA-521,Transgender,*
2019,CA-522,Cisgender Man,920
2019,CA-522,Cisgender Woman,570
2019,CA-522,Client doesn't know,135
2019,CA-522,"Culturally Specific, Non-Binary, and/or a Different Identity",12
2019,CA-522,Questioning,*
2019,CA-522,Transgender,*
2019,CA-523,Cisgender Man,168
2019,CA-523,Cisgender Woman,213
2019,CA-523,Client doesn't know,*
2019,CA-523,"Culturally Specific, Non-Binary, and/or a Different Identity",*
2019,CA-524,Cisgender Man,14
2019,CA-524,Cisgender Woman,14
2019,CA-525,Cisgender Man,209
2019,CA-525,Cisgender Woman,146
2019,CA-525,"Culturally Specific, Non-Binary, and/or a Different Identity",*
2019,CA-525,Transgender,*
2019,CA-526,Cisgender Man,298
2019,CA-526,Cisgender Woman,369
2019,CA-526,Transgender,*
2019,CA-527,Cisgender Man,233
2019,CA-527,Cisgender Woman,140
2019,CA-527,Client doesn't know,*
2019,CA-529,Cisgender Man,111
2019,CA-529,Cisgender Woman,137
2019,CA-529,Transgender,*
2019,CA-530,Cisgender Man,75
2019,CA-530,Cisgender Woman,79
2019,CA-531,Cisgender Man,395
2019,CA-531,Cisgender Woman,213
2019,CA-531,Client doesn't know,*
2019,CA-531,"Culturally Specific, Non-Binary, and/or a Different Identity",*
2019,CA-531,Transgender,*
2019,CA-600,Cisgender Man,48663
2019,CA-600,Cisgender Woman,33829
2019,CA-600,Client doesn't know,584
2019,CA-600,"Culturally Specific, Non-Binary, and/or a Different Identity",107
2019,CA-600,Transgender,534
2019,CA-601,Cisgender Man,10032
2019,CA-601,Cisgender Woman,5937
2019,CA-601,Client doesn't know,140
2019,CA-601,"Culturally Specific, Non-Binary, and/or a Different Identity",23
2019,CA-601,Questioning,*
2019,CA-601,Transgender,70
2019,CA-602,Cisgender Man,7144
2019,CA-602,Cisgender Woman,5190
2019,CA-602,Client doesn't know,13
2019,CA-602,"Culturally Specific, Non-Binary, and/or a Different Identity",*
2019,CA-602,Transgender,33
2019,CA-603,Cisgender Man,1769
2019,CA-603,Cisgender Woman,1140
2019,CA-603,Client doesn't know,*
2019,CA-603,"Culturally Specific, Non-Binary, and/or a Different Identity",*
2019,CA-603,Transgender,*
2019,CA-604,Cisgender Man,2138
2019,CA-604,Cisgender Woman,1512
2019,CA-604,"Culturally Specific, Non-Binary, and/or a Different Identity",*
2019,CA-604,Transgender,*
2019,CA-606,Cisgender Man,1864
2019,CA-606,Cisgender Woman,1199
2019,CA-606,Client doesn't know,*
2019,CA-606,"Culturally Specific, Non-Binary, and/or a Different Identity",*
2019,CA-606,Transgender,*
2019,CA-607,Cisgender Man,951
2019,CA-607,Cisgender Woman,595
2019,CA-607,Client doesn't know,*
2019,CA-607,"Culturally Specific, Non-Binary, and/or a Different Identity",*
2019,CA-607,Transgender,14
2019,CA-608,Cisgender Man,4388
2019,CA-608,Cisgender Woman,3525
2019,CA-608,Client doesn't know,*
2019,CA-608,"Culturally Specific, Non-Binary, and/or a Different Identity",*
2019,CA-608,Transgender,24
2019,CA-609,Cisgender Man,3859
2019,CA-609,Cisgender Woman,3801
2019,CA-609,"Culturally Specific, Non-Binary, and/or a Different Identity",*
2019,CA-609,Transgender,*
2019,CA-611,Cisgender Man,1215
2019,CA-611,Cisgender Woman,1057
2019,CA-611,Client doesn't know,*
2019,CA-611,"Culturally Specific, Non-Binary, and/or a Different Identity",*
2019,CA-611,Transgender,*
2019,CA-612,Cisgender Man,202
2019,CA-612,Cisgender Woman,262
2019,CA-612,"Culturally Specific, Non-Binary, and/or a Different Identity",*
2019,CA-612,Transgender,*
2019,CA-613,Cisgender Man,541
2019,CA-613,Cisgender Woman,273
2019,CA-613,Client doesn't know,*
2019,CA-614,Cisgender Man,1149
2019,CA-614,Cisgender Woman,890
2019,CA-614,Client doesn't know,*
2019,CA-614,"Culturally Specific, Non-Binary, and/or a Different Identity",*
2019,CA-614,Transgender,*
2020,All,Cisgender Man,142087
2020,All,Cisgender Woman,102618
2020,All,Client doesn't know,1894
2020,All,"Culturally Specific, Non-Binary, and/or a Different Identity",444
2020,All,Questioning,14
2020,All,Transgender,1256
2020,CA-500,Cisgender Man,6897
2020,CA-500,Cisgender Woman,4620
2020,CA-500,Client doesn't know,41
2020,CA-500,"Culturally Specific, Non-Binary, and/or a Different Identity",26
2020,CA-500,Transgender,56
2020,CA-501,Cisgender Man,6914
2020,CA-501,Cisgender Woman,4440
2020,CA-501,Client doesn't know,105
2020,CA-501,"Culturally Specific, Non-Binary, and/or a Different Identity",74
2020,CA-501,Transgender,172
2020,CA-502,Cisgender Man,5326
2020,CA-502,Cisgender Woman,3616
2020,CA-502,Client doesn't know,*
2020,CA-502,"Culturally Specific, Non-Binary, and/or a Different Identity",23
2020,CA-502,Questioning,*
2020,CA-502,Transgender,35
2020,CA-503,Cisgender Man,5332
2020,CA-503,Cisgender Woman,4722
2020,CA-503,Client doesn't know,77
2020,CA-503,"Culturally Specific, Non-Binary, and/or a Different Identity",34
2020,CA-503,Questioning,*
2020,CA-503,Transgender,56
2020,CA-504,Cisgender Man,1723
2020,CA-504,Cisgender Woman,1248
2020,CA-504,Client doesn't know,17
2020,CA-504,"Culturally Specific, Non-Binary, and/or a Different Identity",*
2020,CA-504,Questioning,*
2020,CA-504,Transgender,12
2020,CA-505,Cisgender Man,3589
2020,CA-505,Cisgender Woman,2663
2020,CA-505,Client doesn't know,21
2020,CA-505,"Culturally Specific, Non-Binary, and/or a Different Identity",*
2020,CA-505,Transgender,16
2020,CA-506,Cisgender Man,1162
2020,CA-506,Cisgender Woman,1146
2020,CA-506,Client doesn't know,*
2020,CA-506,"Culturally Specific, Non-Binary, and/or a Different Identity",*
2020,CA-506,Transgender,*
2020,CA-507,Cisgender Man,637
2020,CA-507,Cisgender Woman,485
2020,CA-507,"Culturally Specific, Non-Binary, and/or a Different Identity",*
2020,CA-507,Transgender,*
2020,CA-508,Cisgender Man,1446
2020,CA-508,Cisgender Woman,953
2020,CA-508,Client doesn't know,15
2020,CA-508,"Culturally Specific, Non-Binary, and/or a Different Identity",*
2020,CA-508,Transgender,12
2020,CA-509,Cisgender Man,554
2020,CA-509,Cisgender Woman,506
2020,CA-509,Client doesn't know,*
2020,CA-509,"Culturally Specific, Non-Binary, and/or a Different Identity",*
2020,CA-509,Transgender,*
2020,CA-510,Cisgender Man,2574
2020,CA-510,Cisgender Woman,2189
2020,CA-510,"Culturally Specific, Non-Binary, and/or a Different Identity",11
2020,CA-510,Transgender,*
2020,CA-511,Cisgender Man,3574
2020,CA-511,Cisgender Woman,3095
2020,CA-511,Client doesn't know,*
2020,CA-511,"Culturally Specific, Non-Binary, and/or a Different Identity",*
2020,CA-511,Transgender,*
2020,CA-512,Cisgender Man,2185
2020,CA-512,Cisgender Woman,1473
2020,CA-512,"Culturally Specific, Non-Binary, and/or a Different Identity",*
2020,CA-512,Transgender,14
2020,CA-513,Cisgender Man,1622
2020,CA-513,Cisgender Woman,1674
2020,CA-513,"Culturally Specific, Non-Binary, and/or a Different Identity",*
2020,CA-513,Transgender,*
2020,CA-514,Cisgender Man,2742
2020,CA-514,Cisgender Woman,2251
2020,CA-514,Client doesn't know,11
2020,CA-514,"Culturally Specific, Non-Binary, and/or a Different Identity",*
2020,CA-514,Questioning,*
2020,CA-514,Transgender,17
2020,CA-515,Cisgender Man,1028
2020,CA-515,Cisgender Woman,811
2020,CA-515,Client doesn't know,14
2020,CA-515,"Culturally Specific, Non-Binary, and/or a Different Identity",*
2020,CA-515,Transgender,*
2020,CA-516,Cisgender Man,694
2020,CA-516,Cisgender Woman,667
2020,CA-516,Client doesn't know,181
2020,CA-516,Transgender,*
2020,CA-517,Cisgender Man,851
2020,CA-517,Cisgender Woman,509
2020,CA-517,Client doesn't know,*
2020,CA-517,Transgender,*
2020,CA-518,Cisgender Man,819
2020,CA-518,Cisgender Woman,637
2020,CA-518,Client doesn't know,*
2020,CA-518,"Culturally Specific, Non-Binary, and/or a Different Identity",*
2020,CA-518,Questioning,*
2020,CA-518,Transgender,*
2020,CA-519,Cisgender Man,1021
2020,CA-519,Cisgender Woman,818
2020,CA-519,Client doesn't know,*
2020,CA-519,"Culturally Specific, Non-Binary, and/or a Different Identity",*
2020,CA-519,Transgender,*
2020,CA-520,Cisgender Man,1280
2020,CA-520,Cisgender Woman,1347
2020,CA-520,"Culturally Specific, Non-Binary, and/or a Different Identity",*
2020,CA-520,Transgender,*
2020,CA-521,Cisgender Man,843
2020,CA-521,Cisgender Woman,696
2020,CA-521,Client doesn't know,*
2020,CA-521,"Culturally Specific, Non-Binary, and/or a Different Identity",*
2020,CA-521,Transgender,*
2020,CA-522,Cisgender Man,1043
2020,CA-522,Cisgender Woman,596
2020,CA-522,Client doesn't know,163
2020,CA-522,"Culturally Specific, Non-Binary, and/or a Different Identity",13
2020,CA-522,Transgender,*
2020,CA-523,Cisgender Man,238
2020,CA-523,Cisgender Woman,294
2020,CA-523,Client doesn't know,*
2020,CA-523,Transgender,*
2020,CA-524,Cisgender Man,315
2020,CA-524,Cisgender Woman,397
2020,CA-524,Transgender,*
2020,CA-525,Cisgender Man,255
2020,CA-525,Cisgender Woman,176
2020,CA-525,"Culturally Specific, Non-Binary, and/or a Different Identity",*
2020,CA-525,Transgender,*
2020,CA-526,Cisgender Man,324
2020,CA-526,Cisgender Woman,387
2020,CA-526,Transgender,*
2020,CA-527,Cisgender Man,269
2020,CA-527,Cisgender Woman,176
2020,CA-527,"Culturally Specific, Non-Binary, and/or a Different Identity",*
2020,CA-529,Cisgender Man,105
2020,CA-529,Cisgender Woman,101
2020,CA-529,Transgender,*
2020,CA-530,Cisgender Man,114
2020,CA-530,Cisgender Woman,87
2020,CA-530,Client doesn't know,*
2020,CA-531,Cisgender Man,358
2020,CA-531,Cisgender Woman,185
2020,CA-531,Client doesn't know,*
2020,CA-531,"Culturally Specific, Non-Binary, and/or a Different Identity",*
2020,CA-531,Transgender,*
2020,CA-600,Cisgender Man,51131
2020,CA-600,Cisgender Woman,33010
2020,CA-600,Client doesn't know,844
2020,CA-600,"Culturally Specific, Non-Binary, and/or a Different Identity",130
2020,CA-600,Transgender,622
2020,CA-601,Cisgender Man,12462
2020,CA-601,Cisgender Woman,7708
2020,CA-601,Client doesn't know,301
2020,CA-601,"Culturally Specific, Non-Binary, and/or a Different Identity",40
2020,CA-601,Questioning,*
2020,CA-601,Transgender,80
2020,CA-602,Cisgender Man,6729
2020,CA-602,Cisgender Woman,5234
2020,CA-602,Client doesn't know,22
2020,CA-602,"Culturally Specific, Non-Binary, and/or a Different Identity",14
2020,CA-602,Questioning,*
2020,CA-602,Transgender,28
2020,CA-603,Cisgender Man,1849
2020,CA-603,Cisgender Woman,1243
2020,CA-603,Client doesn't know,11
2020,CA-603,"Culturally Specific, Non-Binary, and/or a Different Identity",*
2020,CA-603,Transgender,*
2020,CA-604,Cisgender Man,2305
2020,CA-604,Cisgender Woman,2133
2020,CA-604,"Culturally Specific, Non-Binary, and/or a Different Identity",*
2020,CA-604,Transgender,*
2020,CA-606,Cisgender Man,1846
2020,CA-606,Cisgender Woman,1282
2020,CA-606,Client doesn't know,12
2020,CA-606,"Culturally Specific, Non-Binary, and/or a Different Identity",*
2020,CA-606,Transgender,*
2020,CA-607,Cisgender Man,785
2020,CA-607,Cisgender Woman,527
2020,CA-607,Client doesn't know,*
2020,CA-607,"Culturally Specific, Non-Binary, and/or a Different Identity",*
2020,CA-607,Transgender,*
2020,CA-608,Cisgender Man,5016
2020,CA-608,Cisgender Woman,4019
2020,CA-608,Client doesn't know,*
2020,CA-608,"Culturally Specific, Non-Binary, and/or a Different Identity",*
2020,CA-608,Transgender,25
2020,CA-609,Cisgender Man,4508
2020,CA-609,Cisgender Woman,4316
2020,CA-609,Client doesn't know,*
2020,CA-609,"Culturally Specific, Non-Binary, and/or a Different Identity",*
2020,CA-609,Transgender,11
2020,CA-611,Cisgender Man,1419
2020,CA-611,Cisgender Woman,1154
2020,CA-611,Client doesn't know,*
2020,CA-611,"Culturally Specific, Non-Binary, and/or a Different Identity",*
2020,CA-611,Transgender,11
2020,CA-612,Cisgender Man,289
2020,CA-612,Cisgender Woman,279
2020,CA-612,"Culturally Specific, Non-Binary, and/or a Different Identity",*
2020,CA-612,Transgender,*
2020,CA-613,Cisgender Man,581
2020,CA-613,Cisgender Woman,400
2020,CA-613,Client doesn't know,*
2020,CA-613,"Culturally Specific, Non-Binary, and/or a Different Identity",*
2020,CA-614,Cisgender Man,982
2020,CA-614,Cisgender Woman,785
2020,CA-614,Client doesn't know,*
2020,CA-614,"Culturally Specific, Non-Binary, and/or a Different Identity",*
2020,CA-614,Transgender,*
2021,All,Cisgender Man,148674
2021,All,Cisgender Woman,108578
2021,All,Client doesn't know,3320
2021,All,"Culturally Specific, Non-Binary, and/or a Different Identity",627
2021,All,Questioning,30
2021,All,Transgender,1386
2021,CA-500,Cisgender Man,7330
2021,CA-500,Cisgender Woman,5278
2021,CA-500,Client doesn't know,54
2021,CA-500,"Culturally Specific, Non-Binary, and/or a Different Identity",36
2021,CA-500,Transgender,65
2021,CA-501,Cisgender Man,8316
2021,CA-501,Cisgender Woman,5317
2021,CA-501,Client doesn't know,98
2021,CA-501,"Culturally Specific, Non-Binary, and/or a Different Identity",104
2021,CA-501,Questioning,*
2021,CA-501,Transgender,189
2021,CA-502,Cisgender Man,5706
2021,CA-502,Cisgender Woman,4161
2021,CA-502,Client doesn't know,62
2021,CA-502,"Culturally Specific, Non-Binary, and/or a Different Identity",26
2021,CA-502,Questioning,*
2021,CA-502,Transgender,30
2021,CA-503,Cisgender Man,5382
2021,CA-503,Cisgender Woman,4971
2021,CA-503,Client doesn't know,242
2021,CA-503,"Culturally Specific, Non-Binary, and/or a Different Identity",51
2021,CA-503,Questioning,*
2021,CA-503,Transgender,57
2021,CA-504,Cisgender Man,1461
2021,CA-504,Cisgender Woman,1091
2021,CA-504,Client doesn't know,*
2021,CA-504,"Culturally Specific, Non-Binary, and/or a Different Identity",14
2021,CA-504,Questioning,*
2021,CA-504,Transgender,18
2021,CA-505,Cisgender Man,3271
2021,CA-505,Cisgender Woman,2578
2021,CA-505,Client doesn't know,*
2021,CA-505,"Culturally Specific, Non-Binary, and/or a Different Identity",*
2021,CA-505,Transgender,*
2021,CA-506,Cisgender Man,1365
2021,CA-506,Cisgender Woman,1204
2021,CA-506,Client doesn't know,*
2021,CA-506,"Culturally Specific, Non-Binary, and/or a Different Identity",*
2021,CA-506,Transgender,*
2021,CA-507,Cisgender Man,954
2021,CA-507,Cisgender Woman,723
2021,CA-507,Client doesn't know,94
2021,CA-507,"Culturally Specific, Non-Binary, and/or a Different Identity",*
2021,CA-507,Transgender,*
2021,CA-508,Cisgender Man,1432
2021,CA-508,Cisgender Woman,978
2021,CA-508,Client doesn't know,*
2021,CA-508,"Culturally Specific, Non-Binary, and/or a Different Identity",*
2021,CA-508,Transgender,11
2021,CA-509,Cisgender Man,716
2021,CA-509,Cisgender Woman,659
2021,CA-509,Client doesn't know,*
2021,CA-509,"Culturally Specific, Non-Binary, and/or a Different Identity",*
2021,CA-509,Transgender,*
2021,CA-510,Cisgender Man,2773
2021,CA-510,Cisgender Woman,2065
2021,CA-510,Client doesn't know,*
2021,CA-510,"Culturally Specific, Non-Binary, and/or a Different Identity",17
2021,CA-510,Questioning,*
2021,CA-510,Transgender,12
2021,CA-511,Cisgender Man,3146
2021,CA-511,Cisgender Woman,2781
2021,CA-511,Client doesn't know,35
2021,CA-511,"Culturally Specific, Non-Binary, and/or a Different Identity",*
2021,CA-511,Questioning,*
2021,CA-511,Transgender,*
2021,CA-512,Cisgender Man,2264
2021,CA-512,Cisgender Woman,1508
2021,CA-512,Client doesn't know,*
2021,CA-512,"Culturally Specific, Non-Binary, and/or a Different Identity",*
2021,CA-512,Transgender,15
2021,CA-513,Cisgender Man,1673
2021,CA-513,Cisgender Woman,1764
2021,CA-513,"Culturally Specific, Non-Binary, and/or a Different Identity",*
2021,CA-513,Transgender,*
2021,CA-514,Cisgender Man,3805
2021,CA-514,Cisgender Woman,3024
2021,CA-514,Client doesn't know,35
2021,CA-514,"Culturally Specific, Non-Binary, and/or a Different Identity",*
2021,CA-514,Questioning,*
2021,CA-514,Transgender,34
2021,CA-515,Cisgender Man,1205
2021,CA-515,Cisgender Woman,978
2021,CA-515,Client doesn't know,*
2021,CA-515,"Culturally Specific, Non-Binary, and/or a Different Identity",*
2021,CA-515,Transgender,*
2021,CA-516,Cisgender Man,937
2021,CA-516,Cisgender Woman,896
2021,CA-516,Client doesn't know,38
2021,CA-516,"Culturally Specific, Non-Binary, and/or a Different Identity",*
2021,CA-516,Questioning,*
2021,CA-516,Transgender,*
2021,CA-517,Cisgender Man,438
2021,CA-517,Cisgender Woman,305
2021,CA-517,Client doesn't know,*
2021,CA-517,"Culturally Specific, Non-Binary, and/or a Different Identity",*
2021,CA-517,Transgender,*
2021,CA-518,Cisgender Man,936
2021,CA-518,Cisgender Woman,679
2021,CA-518,Client doesn't know,*
2021,CA-518,"Culturally Specific, Non-Binary, and/or a Different Identity",*
2021,CA-518,Questioning,*
2021,CA-518,Transgender,*
2021,CA-519,Cisgender Man,1113
2021,CA-519,Cisgender Woman,914
2021,CA-519,Client doesn't know,*
2021,CA-519,"Culturally Specific, Non-Binary, and/or a Different Identity",*
2021,CA-519,Transgender,*
2021,CA-520,Cisgender Man,1284
2021,CA-520,Cisgender Woman,1037
2021,CA-520,Client doesn't know,*
2021,CA-520,"Culturally Specific, Non-Binary, and/or a Different Identity",*
2021,CA-520,Transgender,*
2021,CA-521,Cisgender Man,747
2021,CA-521,Cisgender Woman,661
2021,CA-521,Client doesn't know,*
2021,CA-521,"Culturally Specific, Non-Binary, and/or a Different Identity",*
2021,CA-521,Transgender,*
2021,CA-522,Cisgender Man,962
2021,CA-522,Cisgender Woman,602
2021,CA-522,Client doesn't know,84
2021,CA-522,"Culturally Specific, Non-Binary, and/or a Different Identity",20
2021,CA-522,Questioning,*
2021,CA-522,Transgender,*
2021,CA-523,Cisgender Man,316
2021,CA-523,Cisgender Woman,385
2021,CA-523,Client doesn't know,*
2021,CA-523,Transgender,*
2021,CA-524,Cisgender Man,1033
2021,CA-524,Cisgender Woman,1134
2021,CA-524,"Culturally Specific, Non-Binary, and/or a Different Identity",*
2021,CA-524,Transgender,*
2021,CA-525,Cisgender Man,231
2021,CA-525,Cisgender Woman,179
2021,CA-525,"Culturally Specific, Non-Binary, and/or a Different Identity",*
2021,CA-525,Transgender,*
2021,CA-526,Cisgender Man,337
2021,CA-526,Cisgender Woman,387
2021,CA-526,"Culturally Specific, Non-Binary, and/or a Different Identity",*
2021,CA-526,Transgender,*
2021,CA-527,Cisgender Man,152
2021,CA-527,Cisgender Woman,142
2021,CA-529,Cisgender Man,227
2021,CA-529,Cisgender Woman,162
2021,CA-529,"Culturally Specific, Non-Binary, and/or a Different Identity",*
2021,CA-529,Transgender,*
2021,CA-530,Cisgender Man,113
2021,CA-530,Cisgender Woman,110
2021,CA-531,Cisgender Man,397
2021,CA-531,Cisgender Woman,298
2021,CA-531,Client doesn't know,30
2021,CA-531,"Culturally Specific, Non-Binary, and/or a Different Identity",*
2021,CA-531,Transgender,*
2021,CA-600,Cisgender Man,49977
2021,CA-600,Cisgender Woman,31960
2021,CA-600,Client doesn't know,923
2021,CA-600,"Culturally Specific, Non-Binary, and/or a Different Identity",156
2021,CA-600,Questioning,*
2021,CA-600,Transgender,606
2021,CA-601,Cisgender Man,13574
2021,CA-601,Cisgender Woman,9120
2021,CA-601,Client doesn't know,96
2021,CA-601,"Culturally Specific, Non-Binary, and/or a Different Identity",49
2021,CA-601,Questioning,*
2021,CA-601,Transgender,96
2021,CA-602,Cisgender Man,8310
2021,CA-602,Cisgender Woman,5949
2021,CA-602,Client doesn't know,1350
2021,CA-602,"Culturally Specific, Non-Binary, and/or a Different Identity",43
2021,CA-602,Questioning,*
2021,CA-602,Transgender,48
2021,CA-603,Cisgender Man,2147
2021,CA-603,Cisgender Woman,1578
2021,CA-603,Client doesn't know,*
2021,CA-603,"Culturally Specific, Non-Binary, and/or a Different Identity",13
2021,CA-603,Questioning,*
2021,CA-603,Transgender,13
2021,CA-604,Cisgender Man,3545
2021,CA-604,Cisgender Woman,3223
2021,CA-604,"Culturally Specific, Non-Binary, and/or a Different Identity",*
2021,CA-604,Questioning,*
2021,CA-604,Transgender,20
2021,CA-606,Cisgender Man,1838
2021,CA-606,Cisgender Woman,1112
2021,CA-606,Client doesn't know,46
2021,CA-606,"Culturally Specific, Non-Binary, and/or a Different Identity",*
2021,CA-606,Transgender,11
2021,CA-607,Cisgender Man,586
2021,CA-607,Cisgender Woman,410
2021,CA-607,Client doesn't know,24
2021,CA-607,Transgender,*
2021,CA-608,Cisgender Man,4415
2021,CA-608,Cisgender Woman,3993
2021,CA-608,Client doesn't know,13
2021,CA-608,"Culturally Specific, Non-Binary, and/or a Different Identity",15
2021,CA-608,Transgender,39
2021,CA-609,Cisgender Man,4123
2021,CA-609,Cisgender Woman,3863
2021,CA-609,Client doesn't know,*
2021,CA-609,"Culturally Specific, Non-Binary, and/or a Different Identity",*
2021,CA-609,Questioning,*
2021,CA-609,Transgender,16
2021,CA-611,Cisgender Man,1490
2021,CA-611,Cisgender Woman,1055
2021,CA-611,Client doesn't know,17
2021,CA-611,"Culturally Specific, Non-Binary, and/or a Different Identity",*
2021,CA-611,Transgender,16
2021,CA-612,Cisgender Man,338
2021,CA-612,Cisgender Woman,259
2021,CA-612,"Culturally Specific, Non-Binary, and/or a Different Identity",*
2021,CA-612,Transgender,12
2021,CA-613,Cisgender Man,866
2021,CA-613,Cisgender Woman,764
2021,CA-613,Client doesn't know,11
2021,CA-613,"Culturally Specific, Non-Binary, and/or a Different Identity",*
2021,CA-613,Transgender,*
2021,CA-614,Cisgender Man,1309
2021,CA-614,Cisgender Woman,1006
2021,CA-614,Client doesn't know,*
2021,CA-614,"Culturally Specific, Non-Binary, and/or a Different Identity",*
2021,CA-614,Transgender,11
2022,All,Cisgender Man,168022
2022,All,Cisgender Woman,127623
2022,All,Client doesn't know,4905
2022,All,"Culturally Specific, Non-Binary, and/or a Different Identity",827
2022,All,Questioning,62
2022,All,Transgender,1633
2022,CA-500,Cisgender Man,8048
2022,CA-500,Cisgender Woman,6074
2022,CA-500,Client doesn't know,54
2022,CA-500,"Culturally Specific, Non-Binary, and/or a Different Identity",35
2022,CA-500,Transgender,55
2022,CA-501,Cisgender Man,10872
2022,CA-501,Cisgender Woman,6855
2022,CA-501,Client doesn't know,116
2022,CA-501,"Culturally Specific, Non-Binary, and/or a Different Identity",140
2022,CA-501,Questioning,*
2022,CA-501,Transgender,253
2022,CA-502,Cisgender Man,6739
2022,CA-502,Cisgender Woman,4900
2022,CA-502,Client doesn't know,*
2022,CA-502,"Culturally Specific, Non-Binary, and/or a Different Identity",41
2022,CA-502,Questioning,*
2022,CA-502,Transgender,38
2022,CA-503,Cisgender Man,5840
2022,CA-503,Cisgender Woman,5719
2022,CA-503,Client doesn't know,212
2022,CA-503,"Culturally Specific, Non-Binary, and/or a Different Identity",71
2022,CA-503,Questioning,*
2022,CA-503,Transgender,59
2022,CA-504,Cisgender Man,1389
2022,CA-504,Cisgender Woman,1106
2022,CA-504,Client doesn't know,*
2022,CA-504,"Culturally Specific, Non-Binary, and/or a Different Identity",*
2022,CA-504,Questioning,*
2022,CA-504,Transgender,11
2022,CA-505,Cisgender Man,3451
2022,CA-505,Cisgender Woman,2847
2022,CA-505,Client doesn't know,*
2022,CA-505,"Culturally Specific, Non-Binary, and/or a Different Identity",*
2022,CA-505,Questioning,*
2022,CA-505,Transgender,19
2022,CA-506,Cisgender Man,1497
2022,CA-506,Cisgender Woman,1383
2022,CA-506,Client doesn't know,*
2022,CA-506,"Culturally Specific, Non-Binary, and/or a Different Identity",*
2022,CA-506,Questioning,*
2022,CA-506,Transgender,*
2022,CA-507,Cisgender Man,993
2022,CA-507,Cisgender Woman,808
2022,CA-507,Client doesn't know,*
2022,CA-507,"Culturally Specific, Non-Binary, and/or a Different Identity",*
2022,CA-507,Questioning,*
2022,CA-507,Transgender,*
2022,CA-508,Cisgender Man,1000
2022,CA-508,Cisgender Woman,820
2022,CA-508,Client doesn't know,*
2022,CA-508,"Culturally Specific, Non-Binary, and/or a Different Identity",*
2022,CA-508,Transgender,*
2022,CA-509,Cisgender Man,874
2022,CA-509,Cisgender Woman,840
2022,CA-509,Client doesn't know,*
2022,CA-509,"Culturally Specific, Non-Binary, and/or a Different Identity",*
2022,CA-510,Cisgender Man,3557
2022,CA-510,Cisgender Woman,2648
2022,CA-510,Client doesn't know,14
2022,CA-510,"Culturally Specific, Non-Binary, and/or a Different Identity",19
2022,CA-510,Questioning,*
2022,CA-510,Transgender,12
2022,CA-511,Cisgender Man,4605
2022,CA-511,Cisgender Woman,4233
2022,CA-511,Client doesn't know,32
2022,CA-511,"Culturally Specific, Non-Binary, and/or a Different Identity",*
2022,CA-511,Questioning,*
2022,CA-511,Transgender,14
2022,CA-512,Cisgender Man,2473
2022,CA-512,Cisgender Woman,1782
2022,CA-512,Client doesn't know,*
2022,CA-512,"Culturally Specific, Non-Binary, and/or a Different Identity",*
2022,CA-512,Transgender,17
2022,CA-513,Cisgender Man,1996
2022,CA-513,Cisgender Woman,2157
2022,CA-513,"Culturally Specific, Non-Binary, and/or a Different Identity",*
2022,CA-513,Transgender,*
2022,CA-514,Cisgender Man,4888
2022,CA-514,Cisgender Woman,3680
2022,CA-514,Client doesn't know,47
2022,CA-514,"Culturally Specific, Non-Binary, and/or a Different Identity",11
2022,CA-514,Questioning,*
2022,CA-514,Transgender,30
2022,CA-515,Cisgender Man,1427
2022,CA-515,Cisgender Woman,1221
2022,CA-515,Client doesn't know,13
2022,CA-515,"Culturally Specific, Non-Binary, and/or a Different Identity",*
2022,CA-515,Questioning,*
2022,CA-515,Transgender,*
2022,CA-516,Cisgender Man,1162
2022,CA-516,Cisgender Woman,1116
2022,CA-516,Client doesn't know,*
2022,CA-516,"Culturally Specific, Non-Binary, and/or a Different Identity",*
2022,CA-516,Questioning,*
2022,CA-516,Transgender,*
2022,CA-517,Cisgender Man,577
2022,CA-517,Cisgender Woman,350
2022,CA-517,Client doesn't know,*
2022,CA-517,"Culturally Specific, Non-Binary, and/or a Different Identity",*
2022,CA-517,Transgender,*
2022,CA-518,Cisgender Man,783
2022,CA-518,Cisgender Woman,588
2022,CA-518,"Culturally Specific, Non-Binary, and/or a Different Identity",*
2022,CA-518,Questioning,*
2022,CA-518,Transgender,*
2022,CA-519,Cisgender Man,1406
2022,CA-519,Cisgender Woman,1081
2022,CA-519,Client doesn't know,*
2022,CA-519,"Culturally Specific, Non-Binary, and/or a Different Identity",11
2022,CA-519,Transgender,14
2022,CA-520,Cisgender Man,1517
2022,CA-520,Cisgender Woman,1456
2022,CA-520,Client doesn't know,*
2022,CA-520,"Culturally Specific, Non-Binary, and/or a Different Identity",*
2022,CA-520,Transgender,*
2022,CA-521,Cisgender Man,703
2022,CA-521,Cisgender Woman,716
2022,CA-521,Client doesn't know,65
2022,CA-521,"Culturally Specific, Non-Binary, and/or a Different Identity",*
2022,CA-521,Transgender,*
2022,CA-522,Cisgender Man,1283
2022,CA-522,Cisgender Woman,930
2022,CA-522,Client doesn't know,81
2022,CA-522,"Culturally Specific, Non-Binary, and/or a Different Identity",29
2022,CA-522,Questioning,*
2022,CA-522,Transgender,18
2022,CA-523,Cisgender Man,286
2022,CA-523,Cisgender Woman,338
2022,CA-523,Client doesn't know,*
2022,CA-523,"Culturally Specific, Non-Binary, and/or a Different Identity",*
2022,CA-524,Cisgender Man,1239
2022,CA-524,Cisgender Woman,1388
2022,CA-524,"Culturally Specific, Non-Binary, and/or a Different Identity",*
2022,CA-524,Transgender,*
2022,CA-525,Cisgender Man,268
2022,CA-525,Cisgender Woman,207
2022,CA-525,"Culturally Specific, Non-Binary, and/or a Different Identity",*
2022,CA-525,Transgender,*
2022,CA-526,Cisgender Man,422
2022,CA-526,Cisgender Woman,528
2022,CA-526,Client doesn't know,*
2022,CA-526,"Culturally Specific, Non-Binary, and/or a Different Identity",*
2022,CA-526,Questioning,*
2022,CA-526,Transgender,*
2022,CA-527,Cisgender Man,367
2022,CA-527,Cisgender Woman,335
2022,CA-527,Client doesn't know,*
2022,CA-527,"Culturally Specific, Non-Binary, and/or a Different Identity",*
2022,CA-527,Transgender,*
2022,CA-529,Cisgender Man,179
2022,CA-529,Cisgender Woman,160
2022,CA-529,"Culturally Specific, Non-Binary, and/or a Different Identity",*
2022,CA-529,Transgender,*
2022,CA-530,Cisgender Man,103
2022,CA-530,Cisgender Woman,101
2022,CA-531,Cisgender Man,561
2022,CA-531,Cisgender Woman,468
2022,CA-531,Client doesn't know,26
2022,CA-531,"Culturally Specific, Non-Binary, and/or a Different Identity",*
2022,CA-531,Transgender,*
2022,CA-600,Cisgender Man,52132
2022,CA-600,Cisgender Woman,34698
2022,CA-600,Client doesn't know,1133
2022,CA-600,"Culturally Specific, Non-Binary, and/or a Different Identity",193
2022,CA-600,Questioning,*
2022,CA-600,Transgender,684
2022,CA-601,Cisgender Man,14527
2022,CA-601,Cisgender Woman,10542
2022,CA-601,Client doesn't know,56
2022,CA-601,"Culturally Specific, Non-Binary, and/or a Different Identity",79
2022,CA-601,Questioning,12
2022,CA-601,Transgender,141
2022,CA-602,Cisgender Man,10771
2022,CA-602,Cisgender Woman,7668
2022,CA-602,Client doesn't know,2904
2022,CA-602,"Culturally Specific, Non-Binary, and/or a Different Identity",49
2022,CA-602,Questioning,*
2022,CA-602,Transgender,53
2022,CA-603,Cisgender Man,2516
2022,CA-603,Cisgender Woman,1917
2022,CA-603,Client doesn't know,*
2022,CA-603,"Culturally Specific, Non-Binary, and/or a Different Identity",15
2022,CA-603,Questioning,*
2022,CA-603,Transgender,11
2022,CA-604,Cisgender Man,4009
2022,CA-604,Cisgender Woman,3420
2022,CA-604,"Culturally Specific, Non-Binary, and/or a Different Identity",*
2022,CA-604,Questioning,*
2022,CA-604,Transgender,20
2022,CA-606,Cisgender Man,2302
2022,CA-606,Cisgender Woman,1448
2022,CA-606,Client doesn't know,*
2022,CA-606,"Culturally Specific, Non-Binary, and/or a Different Identity",*
2022,CA-606,Questioning,*
2022,CA-606,Transgender,18
2022,CA-607,Cisgender Man,720
2022,CA-607,Cisgender Woman,527
2022,CA-607,Client doesn't know,34
2022,CA-607,"Culturally Specific, Non-Binary, and/or a Different Identity",*
2022,CA-607,Transgender,11
2022,CA-608,Cisgender Man,5595
2022,CA-608,Cisgender Woman,5137
2022,CA-608,Client doesn't know,22
2022,CA-608,"Culturally Specific, Non-Binary, and/or a Different Identity",26
2022,CA-608,Questioning,*
2022,CA-608,Transgender,65
2022,CA-609,Cisgender Man,4855
2022,CA-609,Cisgender Woman,4848
2022,CA-609,Client doesn't know,*
2022,CA-609,"Culturally Specific, Non-Binary, and/or a Different Identity",13
2022,CA-609,Questioning,*
2022,CA-609,Transgender,22
2022,CA-611,Cisgender Man,1762
2022,CA-611,Cisgender Woman,1331
2022,CA-611,Client doesn't know,18
2022,CA-611,"Culturally Specific, Non-Binary, and/or a Different Identity",*
2022,CA-611,Transgender,17
2022,CA-612,Cisgender Man,440
2022,CA-612,Cisgender Woman,331
2022,CA-612,"Culturally Specific, Non-Binary, and/or a Different Identity",*
2022,CA-612,Transgender,15
2022,CA-613,Cisgender Man,881
2022,CA-613,Cisgender Woman,976
2022,CA-613,Client doesn't know,*
2022,CA-613,"Culturally Specific, Non-Binary, and/or a Different Identity",*
2022,CA-613,Transgender,*
2022,CA-614,Cisgender Man,1488
2022,CA-614,Cisgender Woman,1227
2022,CA-614,Client doesn't know,*
2022,CA-614,"Culturally Specific, Non-Binary, and/or a Different Identity",*
2022,CA-614,Transgender,*
2023,All,Cisgender Man,185336
2023,All,Cisgender Woman,141798
2023,All,Client doesn't know,5267
2023,All,"Culturally Specific, Non-Binary, and/or a Different Identity",1003
2023,All,Questioning,84
2023,All,Transgender,1821
2023,CA-500,Cisgender Man,8730
2023,CA-500,Cisgender Woman,6700
2023,CA-500,Client doesn't know,16
2023,CA-500,"Culturally Specific, Non-Binary, and/or a Different Identity",45
2023,CA-500,Questioning,*
2023,CA-500,Transgender,59
2023,CA-501,Cisgender Man,11772
2023,CA-501,Cisgender Woman,7804
2023,CA-501,Client doesn't know,181
2023,CA-501,"Culturally Specific, Non-Binary, and/or a Different Identity",172
2023,CA-501,Questioning,*
2023,CA-501,Transgender,287
2023,CA-502,Cisgender Man,7501
2023,CA-502,Cisgender Woman,5748
2023,CA-502,Client doesn't know,*
2023,CA-502,"Culturally Specific, Non-Binary, and/or a Different Identity",54
2023,CA-502,Questioning,*
2023,CA-502,Transgender,40
2023,CA-503,Cisgender Man,6355
2023,CA-503,Cisgender Woman,6384
2023,CA-503,Client doesn't know,441
2023,CA-503,"Culturally Specific, Non-Binary, and/or a Different Identity",72
2023,CA-503,Questioning,*
2023,CA-503,Transgender,54
2023,CA-504,Cisgender Man,1716
2023,CA-504,Cisgender Woman,1354
2023,CA-504,Client doesn't know,*
2023,CA-504,"Culturally Specific, Non-Binary, and/or a Different Identity",*
2023,CA-504,Questioning,*
2023,CA-504,Transgender,16
2023,CA-505,Cisgender Man,4428
2023,CA-505,Cisgender Woman,3526
2023,CA-505,Client doesn't know,*
2023,CA-505,"Culturally Specific, Non-Binary, and/or a Different Identity",*
2023,CA-505,Questioning,*
2023,CA-505,Transgender,19
2023,CA-506,Cisgender Man,1715
2023,CA-506,Cisgender Woman,1548
2023,CA-506,Client doesn't know,*
2023,CA-506,"Culturally Specific, Non-Binary, and/or a Different Identity",*
2023,CA-506,Questioning,*
2023,CA-506,Transgender,*
2023,CA-507,Cisgender Man,1038
2023,CA-507,Cisgender Woman,852
2023,CA-507,Client doesn't know,*
2023,CA-507,"Culturally Specific, Non-Binary, and/or a Different Identity",*
2023,CA-507,Transgender,*
2023,CA-508,Cisgender Man,1142
2023,CA-508,Cisgender Woman,797
2023,CA-508,Client doesn't know,*
2023,CA-508,"Culturally Specific, Non-Binary, and/or a Different Identity",*
2023,CA-508,Transgender,*
2023,CA-509,Cisgender Man,797
2023,CA-509,Cisgender Woman,747
2023,CA-509,Client doesn't know,*
2023,CA-509,"Culturally Specific, Non-Binary, and/or a Different Identity",*
2023,CA-509,Transgender,*
2023,CA-510,Cisgender Man,3424
2023,CA-510,Cisgender Woman,2867
2023,CA-510,Client doesn't know,*
2023,CA-510,"Culturally Specific, Non-Binary, and/or a Different Identity",17
2023,CA-510,Questioning,*
2023,CA-510,Transgender,19
2023,CA-511,Cisgender Man,4546
2023,CA-511,Cisgender Woman,4279
2023,CA-511,Client doesn't know,31
2023,CA-511,"Culturally Specific, Non-Binary, and/or a Different Identity",*
2023,CA-511,Questioning,*
2023,CA-511,Transgender,19
2023,CA-512,Cisgender Man,2826
2023,CA-512,Cisgender Woman,1950
2023,CA-512,Client doesn't know,17
2023,CA-512,"Culturally Specific, Non-Binary, and/or a Different Identity",*
2023,CA-512,Transgender,17
2023,CA-513,Cisgender Man,2380
2023,CA-513,Cisgender Woman,2459
2023,CA-513,"Culturally Specific, Non-Binary, and/or a Different Identity",*
2023,CA-513,Transgender,11
2023,CA-514,Cisgender Man,6580
2023,CA-514,Cisgender Woman,4894
2023,CA-514,Client doesn't know,83
2023,CA-514,"Culturally Specific, Non-Binary, and/or a Different Identity",24
2023,CA-514,Questioning,*
2023,CA-514,Transgender,40
2023,CA-515,Cisgender Man,1429
2023,CA-515,Cisgender Woman,1176
2023,CA-515,Client doesn't know,12
2023,CA-515,"Culturally Specific, Non-Binary, and/or a Different Identity",14
2023,CA-515,Questioning,*
2023,CA-515,Transgender,*
2023,CA-516,Cisgender Man,1242
2023,CA-516,Cisgender Woman,1220
2023,CA-516,Client doesn't know,*
2023,CA-516,"Culturally Specific, Non-Binary, and/or a Different Identity",*
2023,CA-516,Questioning,*
2023,CA-516,Transgender,*
2023,CA-517,Cisgender Man,609
2023,CA-517,Cisgender Woman,428
2023,CA-517,Client doesn't know,*
2023,CA-517,Transgender,*
2023,CA-518,Cisgender Man,808
2023,CA-518,Cisgender Woman,677
2023,CA-518,Client doesn't know,*
2023,CA-518,"Culturally Specific, Non-Binary, and/or a Different Identity",*
2023,CA-518,Questioning,*
2023,CA-518,Transgender,*
2023,CA-519,Cisgender Man,2292
2023,CA-519,Cisgender Woman,2008
2023,CA-519,Client doesn't know,86
2023,CA-519,"Culturally Specific, Non-Binary, and/or a Different Identity",15
2023,CA-519,Questioning,*
2023,CA-519,Transgender,18
2023,CA-520,Cisgender Man,1610
2023,CA-520,Cisgender Woman,1627
2023,CA-520,Client doesn't know,*
2023,CA-520,"Culturally Specific, Non-Binary, and/or a Different Identity",*
2023,CA-520,Questioning,*
2023,CA-520,Transgender,*
2023,CA-521,Cisgender Man,673
2023,CA-521,Cisgender Woman,729
2023,CA-521,Client doesn't know,144
2023,CA-521,"Culturally Specific, Non-Binary, and/or a Different Identity",*
2023,CA-521,Transgender,*
2023,CA-522,Cisgender Man,1478
2023,CA-522,Cisgender Woman,1158
2023,CA-522,Client doesn't know,77
2023,CA-522,"Culturally Specific, Non-Binary, and/or a Different Identity",36
2023,CA-522,Questioning,*
2023,CA-522,Transgender,*
2023,CA-523,Cisgender Man,257
2023,CA-523,Cisgender Woman,328
2023,CA-523,Client doesn't know,*
2023,CA-524,Cisgender Man,1459
2023,CA-524,Cisgender Woman,1546
2023,CA-524,"Culturally Specific, Non-Binary, and/or a Different Identity",*
2023,CA-524,Transgender,*
2023,CA-525,Cisgender Man,356
2023,CA-525,Cisgender Woman,265
2023,CA-525,"Culturally Specific, Non-Binary, and/or a Different Identity",*
2023,CA-525,Questioning,*
2023,CA-525,Transgender,*
2023,CA-526,Cisgender Man,417
2023,CA-526,Cisgender Woman,522
2023,CA-526,Client doesn't know,*
2023,CA-526,"Culturally Specific, Non-Binary, and/or a Different Identity",*
2023,CA-526,Questioning,*
2023,CA-526,Transgender,*
2023,CA-527,Cisgender Man,372
2023,CA-527,Cisgender Woman,300
2023,CA-527,Client doesn't know,*
2023,CA-527,"Culturally Specific, Non-Binary, and/or a Different Identity",*
2023,CA-527,Transgender,*
2023,CA-529,Cisgender Man,249
2023,CA-529,Cisgender Woman,225
2023,CA-529,Client doesn't know,*
2023,CA-529,"Culturally Specific, Non-Binary, and/or a Different Identity",*
2023,CA-529,Transgender,*
2023,CA-530,Cisgender Man,60
2023,CA-530,Cisgender Woman,71
2023,CA-531,Cisgender Man,679
2023,CA-531,Cisgender Woman,532
2023,CA-531,Client doesn't know,11
2023,CA-531,"Culturally Specific, Non-Binary, and/or a Different Identity",12
2023,CA-531,Transgender,*
2023,CA-600,Cisgender Man,57642
2023,CA-600,Cisgender Woman,38153
2023,CA-600,Client doesn't know,1123
2023,CA-600,"Culturally Specific, Non-Binary, and/or a Different Identity",250
2023,CA-600,Questioning,18
2023,CA-600,Transgender,780
2023,CA-601,Cisgender Man,15346
2023,CA-601,Cisgender Woman,11710
2023,CA-601,Client doesn't know,52
2023,CA-601,"Culturally Specific, Non-Binary, and/or a Different Identity",89
2023,CA-601,Questioning,15
2023,CA-601,Transgender,148
2023,CA-602,Cisgender Man,11182
2023,CA-602,Cisgender Woman,8073
2023,CA-602,Client doesn't know,2761
2023,CA-602,"Culturally Specific, Non-Binary, and/or a Different Identity",56
2023,CA-602,Questioning,*
2023,CA-602,Transgender,67
2023,CA-603,Cisgender Man,2793
2023,CA-603,Cisgender Woman,2022
2023,CA-603,Client doesn't know,72
2023,CA-603,"Culturally Specific, Non-Binary, and/or a Different Identity",14
2023,CA-603,Transgender,*
2023,CA-604,Cisgender Man,4157
2023,CA-604,Cisgender Woman,3604
2023,CA-604,Client doesn't know,*
2023,CA-604,"Culturally Specific, Non-Binary, and/or a Different Identity",13
2023,CA-604,Transgender,25
2023,CA-606,Cisgender Man,3894
2023,CA-606,Cisgender Woman,2161
2023,CA-606,Client doesn't know,15
2023,CA-606,"Culturally Specific, Non-Binary, and/or a Different Identity",14
2023,CA-606,Questioning,*
2023,CA-606,Transgender,33
2023,CA-607,Cisgender Man,894
2023,CA-607,Cisgender Woman,564
2023,CA-607,Client doesn't know,30
2023,CA-607,"Culturally Specific, Non-Binary, and/or a Different Identity",*
2023,CA-607,Transgender,18
2023,CA-608,Cisgender Man,6809
2023,CA-608,Cisgender Woman,6138
2023,CA-608,Client doesn't know,24
2023,CA-608,"Culturally Specific, Non-Binary, and/or a Different Identity",30
2023,CA-608,Questioning,*
2023,CA-608,Transgender,73
2023,CA-609,Cisgender Man,4375
2023,CA-609,Cisgender Woman,4455
2023,CA-609,Client doesn't know,*
2023,CA-609,"Culturally Specific, Non-Binary, and/or a Different Identity",12
2023,CA-609,Questioning,*
2023,CA-609,Transgender,20
2023,CA-611,Cisgender Man,1750
2023,CA-611,Cisgender Woman,1339
2023,CA-611,Client doesn't know,21
2023,CA-611,"Culturally Specific, Non-Binary, and/or a Different Identity",*
2023,CA-611,Questioning,*
2023,CA-611,Transgender,18
2023,CA-612,Cisgender Man,450
2023,CA-612,Cisgender Woman,388
2023,CA-612,"Culturally Specific, Non-Binary, and/or a Different Identity",*
2023,CA-612,Transgender,16
2023,CA-613,Cisgender Man,820
2023,CA-613,Cisgender Woman,985
2023,CA-613,Client doesn't know,*
2023,CA-613,"Culturally Specific, Non-Binary, and/or a Different Identity",*
2023,CA-613,Transgender,*
2023,CA-614,Cisgender Man,1705
2023,CA-614,Cisgender Woman,1416
2023,CA-614,Client doesn't know,*
2023,CA-614,"Culturally Specific, Non-Binary, and/or a Different Identity",*
2023,CA-614,Transgender,*
2024,All,Cisgender Man,196737
2024,All,Cisgender Woman,148716
2024,All,Client doesn't know,3693
2024,All,"Culturally Specific, Non-Binary, and/or a Different Identity",1099
2024,All,Questioning,71
2024,All,Transgender,1989
2024,CA-500,Cisgender Man,8945
2024,CA-500,Cisgender Woman,6585
2024,CA-500,Client doesn't know,14
2024,CA-500,"Culturally Specific, Non-Binary, and/or a Different Identity",47
2024,CA-500,Questioning,*
2024,CA-500,Transgender,62
2024,CA-501,Cisgender Man,13019
2024,CA-501,Cisgender Woman,8614
2024,CA-501,Client doesn't know,219
2024,CA-501,"Culturally Specific, Non-Binary, and/or a Different Identity",214
2024,CA-501,Questioning,*
2024,CA-501,Transgender,368
2024,CA-502,Cisgender Man,8618
2024,CA-502,Cisgender Woman,6208
2024,CA-502,Client doesn't know,15
2024,CA-502,"Culturally Specific, Non-Binary, and/or a Different Identity",57
2024,CA-502,Questioning,*
2024,CA-502,Transgender,54
2024,CA-503,Cisgender Man,7316
2024,CA-503,Cisgender Woman,7280
2024,CA-503,Client doesn't know,448
2024,CA-503,"Culturally Specific, Non-Binary, and/or a Different Identity",71
2024,CA-503,Questioning,*
2024,CA-503,Transgender,71
2024,CA-504,Cisgender Man,2153
2024,CA-504,Cisgender Woman,1610
2024,CA-504,Client doesn't know,*
2024,CA-504,"Culturally Specific, Non-Binary, and/or a Different Identity",16
2024,CA-504,Questioning,*
2024,CA-504,Transgender,17
2024,CA-505,Cisgender Man,4808
2024,CA-505,Cisgender Woman,3921
2024,CA-505,Client doesn't know,*
2024,CA-505,"Culturally Specific, Non-Binary, and/or a Different Identity",12
2024,CA-505,Questioning,*
2024,CA-505,Transgender,31
2024,CA-506,Cisgender Man,1812
2024,CA-506,Cisgender Woman,1740
2024,CA-506,Client doesn't know,*
2024,CA-506,"Culturally Specific, Non-Binary, and/or a Different Identity",12
2024,CA-506,Questioning,*
2024,CA-506,Transgender,*
2024,CA-507,Cisgender Man,1051
2024,CA-507,Cisgender Woman,836
2024,CA-507,Client doesn't know,12
2024,CA-507,"Culturally Specific, Non-Binary, and/or a Different Identity",*
2024,CA-507,Transgender,*
2024,CA-508,Cisgender Man,1120
2024,CA-508,Cisgender Woman,889
2024,CA-508,Client doesn't know,*
2024,CA-508,"Culturally Specific, Non-Binary, and/or a Different Identity",14
2024,CA-508,Transgender,*
2024,CA-509,Cisgender Man,704
2024,CA-509,Cisgender Woman,595
2024,CA-509,Client doesn't know,*
2024,CA-509,"Culturally Specific, Non-Binary, and/or a Different Identity",*
2024,CA-509,Questioning,*
2024,CA-509,Transgender,*
2024,CA-510,Cisgender Man,3174
2024,CA-510,Cisgender Woman,2761
2024,CA-510,Client doesn't know,*
2024,CA-510,"Culturally Specific, Non-Binary, and/or a Different Identity",18
2024,CA-510,Questioning,*
2024,CA-510,Transgender,17
2024,CA-511,Cisgender Man,5007
2024,CA-511,Cisgender Woman,4887
2024,CA-511,Client doesn't know,12
2024,CA-511,"Culturally Specific, Non-Binary, and/or a Different Identity",*
2024,CA-511,Questioning,*
2024,CA-511,Transgender,23
2024,CA-512,Cisgender Man,3255
2024,CA-512,Cisgender Woman,2123
2024,CA-512,Client doesn't know,*
2024,CA-512,"Culturally Specific, Non-Binary, and/or a Different Identity",*
2024,CA-512,Questioning,*
2024,CA-512,Transgender,24
2024,CA-513,Cisgender Man,2849
2024,CA-513,Cisgender Woman,2859
2024,CA-513,"Culturally Specific, Non-Binary, and/or a Different Identity",*
2024,CA-513,Questioning,*
2024,CA-513,Transgender,*
2024,CA-514,Cisgender Man,7038
2024,CA-514,Cisgender Woman,5379
2024,CA-514,Client doesn't know,115
2024,CA-514,"Culturally Specific, Non-Binary, and/or a Different Identity",31
2024,CA-514,Questioning,*
2024,CA-514,Transgender,39
2024,CA-515,Cisgender Man,1375
2024,CA-515,Cisgender Woman,1123
2024,CA-515,Client doesn't know,30
2024,CA-515,"Culturally Specific, Non-Binary, and/or a Different Identity",13
2024,CA-515,Questioning,*
2024,CA-515,Transgender,*
2024,CA-516,Cisgender Man,1386
2024,CA-516,Cisgender Woman,1206
2024,CA-516,Client doesn't know,25
2024,CA-516,"Culturally Specific, Non-Binary, and/or a Different Identity",*
2024,CA-516,Questioning,*
2024,CA-516,Transgender,*
2024,CA-517,Cisgender Man,602
2024,CA-517,Cisgender Woman,440
2024,CA-517,Client doesn't know,42
2024,CA-517,"Culturally Specific, Non-Binary, and/or a Different Identity",*
2024,CA-518,Cisgender Man,1137
2024,CA-518,Cisgender Woman,1015
2024,CA-518,Client doesn't know,*
2024,CA-518,"Culturally Specific, Non-Binary, and/or a Different Identity",*
2024,CA-518,Questioning,*
2024,CA-518,Transgender,*
2024,CA-519,Cisgender Man,2906
2024,CA-519,Cisgender Woman,2786
2024,CA-519,Client doesn't know,59
2024,CA-519,"Culturally Specific, Non-Binary, and/or a Different Identity",21
2024,CA-519,Questioning,*
2024,CA-519,Transgender,23
2024,CA-520,Cisgender Man,1374
2024,CA-520,Cisgender Woman,1193
2024,CA-520,Client doesn't know,*
2024,CA-520,"Culturally Specific, Non-Binary, and/or a Different Identity",*
2024,CA-520,Questioning,*
2024,CA-520,Transgender,*
2024,CA-521,Cisgender Man,537
2024,CA-521,Cisgender Woman,500
2024,CA-521,Client doesn't know,102
2024,CA-521,"Culturally Specific, Non-Binary, and/or a Different Identity",*
2024,CA-522,Cisgender Man,1420
2024,CA-522,Cisgender Woman,1165
2024,CA-522,Client doesn't know,27
2024,CA-522,"Culturally Specific, Non-Binary, and/or a Different Identity",39
2024,CA-522,Questioning,*
2024,CA-522,Transgender,15
2024,CA-523,Cisgender Man,252
2024,CA-523,Cisgender Woman,287
2024,CA-523,Client doesn't know,13
2024,CA-523,"Culturally Specific, Non-Binary, and/or a Different Identity",*
2024,CA-523,Transgender,*
2024,CA-524,Cisgender Man,1338
2024,CA-524,Cisgender Woman,1355
2024,CA-524,"Culturally Specific, Non-Binary, and/or a Different Identity",*
2024,CA-524,Transgender,*
2024,CA-525,Cisgender Man,349
2024,CA-525,Cisgender Woman,290
2024,CA-525,Client doesn't know,*
2024,CA-525,"Culturally Specific, Non-Binary, and/or a Different Identity",*
2024,CA-525,Questioning,*
2024,CA-525,Transgender,*
2024,CA-526,Cisgender Man,445
2024,CA-526,Cisgender Woman,526
2024,CA-526,Client doesn't know,*
2024,CA-526,"Culturally Specific, Non-Binary, and/or a Different Identity",*
2024,CA-526,Transgender,*
2024,CA-527,Cisgender Man,413
2024,CA-527,Cisgender Woman,332
2024,CA-527,Client doesn't know,*
2024,CA-529,Cisgender Man,127
2024,CA-529,Cisgender Woman,146
2024,CA-529,Client doesn't know,*
2024,CA-529,"Culturally Specific, Non-Binary, and/or a Different Identity",*
2024,CA-529,Transgender,*
2024,CA-530,Cisgender Man,47
2024,CA-530,Cisgender Woman,53
2024,CA-531,Cisgender Man,691
2024,CA-531,Cisgender Woman,528
2024,CA-531,Client doesn't know,27
2024,CA-531,"Culturally Specific, Non-Binary, and/or a Different Identity",*
2024,CA-531,Transgender,*
2024,CA-600,Cisgender Man,62019
2024,CA-600,Cisgender Woman,40866
2024,CA-600,Client doesn't know,870
2024,CA-600,"Culturally Specific, Non-Binary, and/or a Different Identity",272
2024,CA-600,Questioning,*
2024,CA-600,Transgender,847
2024,CA-601,Cisgender Man,14602
2024,CA-601,Cisgender Woman,10957
2024,CA-601,Client doesn't know,46
2024,CA-601,"Culturally Specific, Non-Binary, and/or a Different Identity",82
2024,CA-601,Questioning,13
2024,CA-601,Transgender,149
2024,CA-602,Cisgender Man,12687
2024,CA-602,Cisgender Woman,8612
2024,CA-602,Client doesn't know,1413
2024,CA-602,"Culturally Specific, Non-Binary, and/or a Different Identity",56
2024,CA-602,Questioning,*
2024,CA-602,Transgender,92
2024,CA-603,Cisgender Man,2601
2024,CA-603,Cisgender Woman,1940
2024,CA-603,Client doesn't know,36
2024,CA-603,"Culturally Specific, Non-Binary, and/or a Different Identity",12
2024,CA-603,Transgender,11
2024,CA-604,Cisgender Man,4024
2024,CA-604,Cisgender Woman,3543
2024,CA-604,"Culturally Specific, Non-Binary, and/or a Different Identity",12
2024,CA-604,Questioning,*
2024,CA-604,Transgender,18
2024,CA-606,Cisgender Man,4225
2024,CA-606,Cisgender Woman,2220
2024,CA-606,Client doesn't know,34
2024,CA-606,"Culturally Specific, Non-Binary, and/or a Different Identity",14
2024,CA-606,Questioning,*
2024,CA-606,Transgender,33
2024,CA-607,Cisgender Man,856
2024,CA-607,Cisgender Woman,556
2024,CA-607,Client doesn't know,34
2024,CA-607,"Culturally Specific, Non-Binary, and/or a Different Identity",12
2024,CA-607,Transgender,13
2024,CA-608,Cisgender Man,7302
2024,CA-608,Cisgender Woman,6665
2024,CA-608,Client doesn't know,21
2024,CA-608,"Culturally Specific, Non-Binary, and/or a Different Identity",27
2024,CA-608,Questioning,*
2024,CA-608,Transgender,50
2024,CA-609,Cisgender Man,4015
2024,CA-609,Cisgender Woman,4006
2024,CA-609,Client doesn't know,*
2024,CA-609,"Culturally Specific, Non-Binary, and/or a Different Identity",*
2024,CA-609,Transgender,16
2024,CA-611,Cisgender Man,1764
2024,CA-611,Cisgender Woman,1347
2024,CA-611,Client doesn't know,40
2024,CA-611,"Culturally Specific, Non-Binary, and/or a Different Identity",*
2024,CA-611,Questioning,*
2024,CA-611,Transgender,16
2024,CA-612,Cisgender Man,377
2024,CA-612,Cisgender Woman,374
2024,CA-612,"Culturally Specific, Non-Binary, and/or a Different Identity",*
2024,CA-612,Transgender,15
2024,CA-613,Cisgender Man,748
2024,CA-613,Cisgender Woman,943
2024,CA-613,Client doesn't know,*
2024,CA-613,"Culturally Specific, Non-Binary, and/or a Different Identity",*
2024,CA-613,Questioning,*
2024,CA-613,Transgender,*
2024,CA-614,Cisgender Man,1834
2024,CA-614,Cisgender Woman,1585
2024,CA-614,Client doesn't know,*
2024,CA-614,"Culturally Specific, Non-Binary, and/or a Different Identity",15
2024,CA-614,Transgender,*
